[{"id":1,"first_name":"Millicent","last_name":"Whatham","email":"mwhatham0@comsenz.com","gender":"Female","university":"Samarkand State University"},
{"id":2,"first_name":"Siward","last_name":"Amberger","email":"samberger1@behance.net","gender":"Male","university":"Institute of Industrial Electronics Engineering"},
{"id":3,"first_name":"Sheree","last_name":"Madeley","email":"smadeley2@google.com","gender":"Female","university":"Kateb Institute of Higher Education"},
{"id":4,"first_name":"Egor","last_name":"Downing","email":"edowning3@nymag.com","gender":"Male","university":"Universidad de Concepción del Uruguay"},
{"id":5,"first_name":"Donn","last_name":"Wilce","email":"dwilce4@answers.com","gender":"Male","university":"State University of New York at Binghamton"},
{"id":6,"first_name":"Kenon","last_name":"Jersch","email":"kjersch5@youtu.be","gender":"Male","university":"Université de Nantes"},
{"id":7,"first_name":"Klara","last_name":"Valett","email":"kvalett6@plala.or.jp","gender":"Female","university":"Gifu Keizai University"},
{"id":8,"first_name":"Roberta","last_name":"Glendinning","email":"rglendinning7@ft.com","gender":"Female","university":"University of Marketing and Distribution Sciences"},
{"id":9,"first_name":"Murray","last_name":"Gherarducci","email":"mgherarducci8@webmd.com","gender":"Male","university":"New World University"},
{"id":10,"first_name":"Hamid","last_name":"Wixey","email":"hwixey9@alibaba.com","gender":"Male","university":"Kagawa Institute of Nutrition"},
{"id":11,"first_name":"Neils","last_name":"Gyorgy","email":"ngyorgya@vistaprint.com","gender":"Male","university":"Fachhochschule Merseburg"},
{"id":12,"first_name":"Janetta","last_name":"Greger","email":"jgregerb@google.com.br","gender":"Female","university":"Manuel S. Enverga University Foundation"},
{"id":13,"first_name":"Marvin","last_name":"Banasevich","email":"mbanasevichc@macromedia.com","gender":"Male","university":"Rakuno Gakuen University"},
{"id":14,"first_name":"Rolland","last_name":"Zealy","email":"rzealyd@1688.com","gender":"Male","university":"Fachhochschule und Berufskollegs NTA, Prof.Dr. Grübler gemein. GmbH"},
{"id":15,"first_name":"Rikki","last_name":"McCorrie","email":"rmccorriee@newsvine.com","gender":"Female","university":"Prescott College"},
{"id":16,"first_name":"Francisco","last_name":"Kilbee","email":"fkilbeef@va.gov","gender":"Male","university":"Universidad Catolica de Azogues"},
{"id":17,"first_name":"Wittie","last_name":"Paoletto","email":"wpaolettog@free.fr","gender":"Male","university":"City University of New York, School of Law at Queens College"},
{"id":18,"first_name":"Boonie","last_name":"Benard","email":"bbenardh@liveinternet.ru","gender":"Genderqueer","university":"The Illinois Institute of Art-Chicago"},
{"id":19,"first_name":"Alleen","last_name":"Hollidge","email":"ahollidgei@answers.com","gender":"Female","university":"Universidad Central del Ecuador"},
{"id":20,"first_name":"Reade","last_name":"Studdeard","email":"rstuddeardj@statcounter.com","gender":"Male","university":"University of East London"},
{"id":21,"first_name":"Cairistiona","last_name":"McGerraghty","email":"cmcgerraghtyk@netscape.com","gender":"Female","university":"Wilmington College"},
{"id":22,"first_name":"Georgette","last_name":"Rhydderch","email":"grhydderchl@cnbc.com","gender":"Female","university":"Bashkir State University"},
{"id":23,"first_name":"Jenelle","last_name":"Rossey","email":"jrosseym@dropbox.com","gender":"Female","university":"New York Medical College"},
{"id":24,"first_name":"Annalee","last_name":"Wilshaw","email":"awilshawn@squarespace.com","gender":"Agender","university":"Universidad Latinoamericana de Ciencia y Tecnología"},
{"id":25,"first_name":"Emmeline","last_name":"Jaze","email":"ejazeo@prnewswire.com","gender":"Genderqueer","university":"L.N. Gumilyov Eurasian National University"},
{"id":26,"first_name":"Fraze","last_name":"O' Liddy","email":"foliddyp@csmonitor.com","gender":"Male","university":"Neumann College"},
{"id":27,"first_name":"Alva","last_name":"Darbon","email":"adarbonq@adobe.com","gender":"Male","university":"Hogeschool Leiden"},
{"id":28,"first_name":"Eugenio","last_name":"Kenny","email":"ekennyr@reverbnation.com","gender":"Male","university":"Hubert Kairuki Memorial University"},
{"id":29,"first_name":"Florella","last_name":"Risdale","email":"frisdales@aol.com","gender":"Female","university":"Ecole Polytechnique Marseille"},
{"id":30,"first_name":"Jenna","last_name":"Lismer","email":"jlismert@issuu.com","gender":"Female","university":"Albertus Magnus College"},
{"id":31,"first_name":"Dorie","last_name":"O'Gormley","email":"dogormleyu@naver.com","gender":"Bigender","university":"Babol Noshirvani University of Technology"},
{"id":32,"first_name":"Gerrard","last_name":"Blackborn","email":"gblackbornv@cdbaby.com","gender":"Male","university":"Universitas Wijaya Kusuma Surabaya"},
{"id":33,"first_name":"Jared","last_name":"Stable","email":"jstablew@indiatimes.com","gender":"Male","university":"Saga University"},
{"id":34,"first_name":"Bryant","last_name":"Beddon","email":"bbeddonx@gizmodo.com","gender":"Agender","university":"Deylaman Institute of Higher Education"},
{"id":35,"first_name":"Natalina","last_name":"Bleythin","email":"nbleythiny@4shared.com","gender":"Female","university":"Akita University of Economics and Law"},
{"id":36,"first_name":"Munroe","last_name":"Goldthorp","email":"mgoldthorpz@aol.com","gender":"Male","university":"Universidad Adventista de Colombia"},
{"id":37,"first_name":"Shena","last_name":"Commander","email":"scommander10@e-recht24.de","gender":"Female","university":"Zhejiang University of Technology"},
{"id":38,"first_name":"Quincey","last_name":"MacKaig","email":"qmackaig11@cbsnews.com","gender":"Male","university":"University of Performing Arts in Bratislava"},
{"id":39,"first_name":"Constantine","last_name":"Tulloch","email":"ctulloch12@networksolutions.com","gender":"Female","university":"Kabul University"},
{"id":40,"first_name":"Gordie","last_name":"Snead","email":"gsnead13@dion.ne.jp","gender":"Male","university":"Gulf University College"},
{"id":41,"first_name":"Adina","last_name":"Slark","email":"aslark14@about.me","gender":"Female","university":"Molde University College"},
{"id":42,"first_name":"Dotty","last_name":"Claris","email":"dclaris15@blogtalkradio.com","gender":"Female","university":"Fachhochschule Niederrhein"},
{"id":43,"first_name":"Benni","last_name":"Nesterov","email":"bnesterov16@mac.com","gender":"Female","university":"Kadir Has University"},
{"id":44,"first_name":"Abbie","last_name":"Camerati","email":"acamerati17@ftc.gov","gender":"Non-binary","university":"Université des Sciences et Technologies de Lille (Lille I)"},
{"id":45,"first_name":"Sunny","last_name":"Blakebrough","email":"sblakebrough18@illinois.edu","gender":"Female","university":"Western Galilee College"},
{"id":46,"first_name":"Bryant","last_name":"Boult","email":"bboult19@chicagotribune.com","gender":"Male","university":"Osaka International University"},
{"id":47,"first_name":"Georg","last_name":"FitzGilbert","email":"gfitzgilbert1a@purevolume.com","gender":"Male","university":"Instituto Superior de Entre Douro e Vouga"},
{"id":48,"first_name":"Bridget","last_name":"Darlington","email":"bdarlington1b@php.net","gender":"Female","university":"Universidad Nacional Agraria La Molina"},
{"id":49,"first_name":"Sari","last_name":"Trimbey","email":"strimbey1c@reverbnation.com","gender":"Female","university":"American InterContinental University Online"},
{"id":50,"first_name":"Georgeanne","last_name":"Kenneford","email":"gkenneford1d@goo.gl","gender":"Female","university":"Moscow State University of Culture"},
{"id":51,"first_name":"Tamas","last_name":"Warhurst","email":"twarhurst1e@youtu.be","gender":"Male","university":"Katharine Gibbs School"},
{"id":52,"first_name":"Willabella","last_name":"Unitt","email":"wunitt1f@google.it","gender":"Female","university":"Zhejiang University of Technology"},
{"id":53,"first_name":"Raphael","last_name":"Pressey","email":"rpressey1g@tmall.com","gender":"Male","university":"Windsor University School of Medicine"},
{"id":54,"first_name":"Frasier","last_name":"Balden","email":"fbalden1h@amazon.co.jp","gender":"Male","university":"Universidad de Huelva"},
{"id":55,"first_name":"Tabbi","last_name":"Quinane","email":"tquinane1i@privacy.gov.au","gender":"Female","university":"Cork Institute of Technology"},
{"id":56,"first_name":"Brandice","last_name":"Hemshall","email":"bhemshall1j@pcworld.com","gender":"Female","university":"Universidad Católica Boliviana, Cochabamba"},
{"id":57,"first_name":"Rickie","last_name":"Kurdani","email":"rkurdani1k@storify.com","gender":"Genderfluid","university":"East Africa University Bosaso"},
{"id":58,"first_name":"Bren","last_name":"Ling","email":"bling1l@hud.gov","gender":"Female","university":"Pedagogical University of Zielona Gora"},
{"id":59,"first_name":"Vladamir","last_name":"Canet","email":"vcanet1m@accuweather.com","gender":"Male","university":"Philippine Christian University"},
{"id":60,"first_name":"Hally","last_name":"Ewbanks","email":"hewbanks1n@squarespace.com","gender":"Female","university":"Kyunghee University"},
{"id":61,"first_name":"Vivyanne","last_name":"Deere","email":"vdeere1o@toplist.cz","gender":"Polygender","university":"Fachhochschule Ulm, Hochschule für Technik"},
{"id":62,"first_name":"Wynn","last_name":"Upton","email":"wupton1p@msu.edu","gender":"Female","university":"B. S. Abdur Rahman University"},
{"id":63,"first_name":"Goldy","last_name":"Begg","email":"gbegg1q@latimes.com","gender":"Agender","university":"Medical Academy in Gdansk"},
{"id":64,"first_name":"Lewiss","last_name":"Lauchlan","email":"llauchlan1r@theatlantic.com","gender":"Male","university":"Universidad Alas Peruanas"},
{"id":65,"first_name":"Iain","last_name":"Willcot","email":"iwillcot1s@storify.com","gender":"Male","university":"Universidad Nacional de La Pampa"},
{"id":66,"first_name":"Chrisy","last_name":"Pinnock","email":"cpinnock1t@joomla.org","gender":"Male","university":"Chang Jung University"},
{"id":67,"first_name":"Erinna","last_name":"Cornwall","email":"ecornwall1u@reverbnation.com","gender":"Female","university":"Dr. D.Y. Patil University"},
{"id":68,"first_name":"Terese","last_name":"Caunter","email":"tcaunter1v@whitehouse.gov","gender":"Female","university":"Universidad Politécnica de El Salvador"},
{"id":69,"first_name":"Rodolphe","last_name":"Kees","email":"rkees1w@nydailynews.com","gender":"Male","university":"Taizhou College"},
{"id":70,"first_name":"Annabal","last_name":"Byrcher","email":"abyrcher1x@youtu.be","gender":"Female","university":"Eötvös Lorand University"},
{"id":71,"first_name":"Cass","last_name":"Endley","email":"cendley1y@hugedomains.com","gender":"Male","university":"Universidad Central de Venezuela"},
{"id":72,"first_name":"Sephira","last_name":"Scahill","email":"sscahill1z@nifty.com","gender":"Female","university":"Universität Osnabrück"},
{"id":73,"first_name":"Clark","last_name":"Bassom","email":"cbassom20@answers.com","gender":"Male","university":"Ecole Nationale des Sciences Géographiques"},
{"id":74,"first_name":"Enoch","last_name":"Tumilty","email":"etumilty21@salon.com","gender":"Male","university":"Troy University, Montgomery"},
{"id":75,"first_name":"Rubetta","last_name":"Cuddehay","email":"rcuddehay22@indiatimes.com","gender":"Female","university":"Universidad Adolfo Ibáñez"},
{"id":76,"first_name":"Stephanie","last_name":"Chillingsworth","email":"schillingsworth23@studiopress.com","gender":"Female","university":"University of Vaasa"},
{"id":77,"first_name":"Xylina","last_name":"Tibalt","email":"xtibalt24@blogs.com","gender":"Female","university":"Ecole Nationale Supérieure de Chimie de Toulouse"},
{"id":78,"first_name":"Gwenny","last_name":"Northedge","email":"gnorthedge25@thetimes.co.uk","gender":"Female","university":"Polytechnic Institute of Bari"},
{"id":79,"first_name":"Andrea","last_name":"Redfern","email":"aredfern26@rambler.ru","gender":"Male","university":"Avinashilingam Institute for Home Science and Higher Education for Women"},
{"id":80,"first_name":"Patrizius","last_name":"Chark","email":"pchark27@vimeo.com","gender":"Male","university":"Université Blaise Pascal (Clermont-Ferrand II)"},
{"id":81,"first_name":"Clare","last_name":"Fenney","email":"cfenney28@reverbnation.com","gender":"Female","university":"Holy Angel University"},
{"id":82,"first_name":"Eldin","last_name":"Gascard","email":"egascard29@fotki.com","gender":"Male","university":"Ecole Centrale de Lille"},
{"id":83,"first_name":"Gordan","last_name":"Nears","email":"gnears2a@privacy.gov.au","gender":"Male","university":"Palestine Technical College-Dier Elbalah"},
{"id":84,"first_name":"Bryant","last_name":"Lawlings","email":"blawlings2b@storify.com","gender":"Male","university":"New York Institute of Technology"},
{"id":85,"first_name":"Odetta","last_name":"Hendonson","email":"ohendonson2c@virginia.edu","gender":"Female","university":"Marymount Manhattan College"},
{"id":86,"first_name":"Bear","last_name":"Cuckoo","email":"bcuckoo2d@boston.com","gender":"Male","university":"National Open University of Nigeria"},
{"id":87,"first_name":"Kettie","last_name":"Dodswell","email":"kdodswell2e@uol.com.br","gender":"Female","university":"Fujian Agricultural University"},
{"id":88,"first_name":"Enrichetta","last_name":"Jerzykiewicz","email":"ejerzykiewicz2f@hao123.com","gender":"Female","university":"Perm State Academy of Agriculture"},
{"id":89,"first_name":"Sydney","last_name":"Thorburn","email":"sthorburn2g@amazon.co.uk","gender":"Male","university":"University of Dundee"},
{"id":90,"first_name":"Bobina","last_name":"Proudman","email":"bproudman2h@gmpg.org","gender":"Female","university":"Universidad Pontificia Bolivariana"},
{"id":91,"first_name":"Marya","last_name":"Bellee","email":"mbellee2i@163.com","gender":"Female","university":"Gardner Webb University"},
{"id":92,"first_name":"Burtie","last_name":"Caslane","email":"bcaslane2j@weibo.com","gender":"Male","university":"University of Rousse"},
{"id":93,"first_name":"Leigha","last_name":"Drawmer","email":"ldrawmer2k@msn.com","gender":"Female","university":"Athens Graduate School of Management (AGSM)"},
{"id":94,"first_name":"Marie-jeanne","last_name":"Breton","email":"mbreton2l@is.gd","gender":"Female","university":"Universidade Federal do Pará"},
{"id":95,"first_name":"Gussy","last_name":"Pasek","email":"gpasek2m@examiner.com","gender":"Bigender","university":"Universidad Central de Las Villas"},
{"id":96,"first_name":"Garrek","last_name":"Keiling","email":"gkeiling2n@youtube.com","gender":"Male","university":"Chung-Ju National University"},
{"id":97,"first_name":"Glory","last_name":"Merrell","email":"gmerrell2o@google.co.jp","gender":"Female","university":"Oregon Health Sciences University"},
{"id":98,"first_name":"Donn","last_name":"Gaskarth","email":"dgaskarth2p@wufoo.com","gender":"Male","university":"Bamenda University of Science & Technology"},
{"id":99,"first_name":"Damien","last_name":"Tomczykowski","email":"dtomczykowski2q@furl.net","gender":"Male","university":"Greensboro College"},
{"id":100,"first_name":"Mic","last_name":"Di Lucia","email":"mdilucia2r@europa.eu","gender":"Male","university":"Clearwater Christian College"},
{"id":101,"first_name":"Henrik","last_name":"Marjoribanks","email":"hmarjoribanks2s@weibo.com","gender":"Male","university":"Universitas Padjadjaran"},
{"id":102,"first_name":"Lilia","last_name":"Caller","email":"lcaller2t@vimeo.com","gender":"Female","university":"Universidad Nacional de la Patagonia \"San Juan Bosco\""},
{"id":103,"first_name":"Lennie","last_name":"Winson","email":"lwinson2u@census.gov","gender":"Male","university":"Open University of Israel"},
{"id":104,"first_name":"Gilligan","last_name":"Stocken","email":"gstocken2v@ehow.com","gender":"Agender","university":"Universidad Libre de Costa Rica"},
{"id":105,"first_name":"Collen","last_name":"Greenstock","email":"cgreenstock2w@cyberchimps.com","gender":"Female","university":"University of the Free State"},
{"id":106,"first_name":"Keane","last_name":"Headland","email":"kheadland2x@etsy.com","gender":"Male","university":"Universidade Federal Rural do Rio de Janeiro"},
{"id":107,"first_name":"Lenci","last_name":"Letty","email":"lletty2y@sina.com.cn","gender":"Male","university":"St. Marianna University School of Medicine"},
{"id":108,"first_name":"Correy","last_name":"Radke","email":"cradke2z@baidu.com","gender":"Male","university":"Universidad Autónoma del Paraguay"},
{"id":109,"first_name":"Dido","last_name":"Dudderidge","email":"ddudderidge30@1und1.de","gender":"Polygender","university":"Universidad Monteávila"},
{"id":110,"first_name":"Veriee","last_name":"Craigmyle","email":"vcraigmyle31@nyu.edu","gender":"Female","university":"Marshall University"},
{"id":111,"first_name":"Elihu","last_name":"Beagles","email":"ebeagles32@biglobe.ne.jp","gender":"Male","university":"Olabisi Onabanjo University "},
{"id":112,"first_name":"Binny","last_name":"Klimsch","email":"bklimsch33@craigslist.org","gender":"Female","university":"Instituto Superior de Ciências do Trabalho e da Empresa"},
{"id":113,"first_name":"Harriot","last_name":"Millier","email":"hmillier34@google.es","gender":"Female","university":"Dana College"},
{"id":114,"first_name":"Ezechiel","last_name":"Capstick","email":"ecapstick35@vimeo.com","gender":"Male","university":"Warner Southern College"},
{"id":115,"first_name":"Claudell","last_name":"Elphey","email":"celphey36@creativecommons.org","gender":"Agender","university":"International University of Sarajevo"},
{"id":116,"first_name":"Nessi","last_name":"Newlands","email":"nnewlands37@typepad.com","gender":"Female","university":"Anna University"},
{"id":117,"first_name":"Stoddard","last_name":"Sarton","email":"ssarton38@chicagotribune.com","gender":"Female","university":"National American University"},
{"id":118,"first_name":"Michael","last_name":"Hartil","email":"mhartil39@scribd.com","gender":"Male","university":"Zhejiang University"},
{"id":119,"first_name":"Nanny","last_name":"Birchwood","email":"nbirchwood3a@sogou.com","gender":"Female","university":"Fukuoka Prefectural University"},
{"id":120,"first_name":"Veronica","last_name":"Doerffer","email":"vdoerffer3b@ow.ly","gender":"Female","university":"Red Sea University"},
{"id":121,"first_name":"Ilka","last_name":"Gross","email":"igross3c@histats.com","gender":"Female","university":"Universidad Norbert Wiener"},
{"id":122,"first_name":"Antonina","last_name":"Wrennall","email":"awrennall3d@nymag.com","gender":"Female","university":"Nagoya Women's University"},
{"id":123,"first_name":"Odell","last_name":"MacGoun","email":"omacgoun3e@123-reg.co.uk","gender":"Bigender","university":"University of Liverpool"},
{"id":124,"first_name":"Aube","last_name":"Melarkey","email":"amelarkey3f@jalbum.net","gender":"Male","university":"Ghulam Ishaq Khan Institute of Science & Technology"},
{"id":125,"first_name":"Claudette","last_name":"Moseby","email":"cmoseby3g@nytimes.com","gender":"Female","university":"University of Cebu"},
{"id":126,"first_name":"Nikaniki","last_name":"Glauber","email":"nglauber3h@godaddy.com","gender":"Female","university":"Islamic Azad University, Shahryar"},
{"id":127,"first_name":"Hermon","last_name":"Bloomfield","email":"hbloomfield3i@cbc.ca","gender":"Male","university":"Dalanj University"},
{"id":128,"first_name":"Terra","last_name":"Pashley","email":"tpashley3j@yahoo.com","gender":"Female","university":"Hochschule Mittweida (FH)"},
{"id":129,"first_name":"Sherline","last_name":"Croxley","email":"scroxley3k@disqus.com","gender":"Female","university":"St. Marianna University School of Medicine"},
{"id":130,"first_name":"Haley","last_name":"Rigolle","email":"hrigolle3l@house.gov","gender":"Female","university":"Bryan College"},
{"id":131,"first_name":"Nicole","last_name":"Runchman","email":"nrunchman3m@weather.com","gender":"Female","university":"Télé-université, Université du Québec"},
{"id":132,"first_name":"Celinka","last_name":"Doyley","email":"cdoyley3n@examiner.com","gender":"Female","university":"Palm Beach Atlantic University"},
{"id":133,"first_name":"Lev","last_name":"Blackater","email":"lblackater3o@digg.com","gender":"Male","university":"Islamic Azad University, Shahryar"},
{"id":134,"first_name":"Timmie","last_name":"Lashmar","email":"tlashmar3p@goo.gl","gender":"Female","university":"Uttarakhand Open University "},
{"id":135,"first_name":"Lucho","last_name":"Antliff","email":"lantliff3q@sogou.com","gender":"Male","university":"Audrey Cohen College"},
{"id":136,"first_name":"Justine","last_name":"McGrory","email":"jmcgrory3r@t.co","gender":"Female","university":"Jiaying University"},
{"id":137,"first_name":"Adore","last_name":"Obray","email":"aobray3s@who.int","gender":"Female","university":"Potti Sreeramulu Telugu University"},
{"id":138,"first_name":"Barbabra","last_name":"Guiso","email":"bguiso3t@netlog.com","gender":"Female","university":"British College of Osteopathic Medicine"},
{"id":139,"first_name":"Moll","last_name":"Funcheon","email":"mfuncheon3u@godaddy.com","gender":"Female","university":"Universidad de Guanajuato, Campus León"},
{"id":140,"first_name":"Ethan","last_name":"Darte","email":"edarte3v@sun.com","gender":"Male","university":"William Jewell College"},
{"id":141,"first_name":"Clemente","last_name":"McKevin","email":"cmckevin3w@pagesperso-orange.fr","gender":"Male","university":"Aichi Prefectural University"},
{"id":142,"first_name":"Pierce","last_name":"Comar","email":"pcomar3x@elpais.com","gender":"Male","university":"Hotelschool The Hague"},
{"id":143,"first_name":"Karlan","last_name":"Paylie","email":"kpaylie3y@slashdot.org","gender":"Male","university":"Oriental University"},
{"id":144,"first_name":"Nicolea","last_name":"Grane","email":"ngrane3z@github.io","gender":"Female","university":"South-East Asia University"},
{"id":145,"first_name":"Wilone","last_name":"Brack","email":"wbrack40@google.de","gender":"Bigender","university":"University of the Philippines Visayas"},
{"id":146,"first_name":"Chrysler","last_name":"Reddle","email":"creddle41@cnet.com","gender":"Female","university":"Xijiang University"},
{"id":147,"first_name":"Doralynne","last_name":"Elwel","email":"delwel42@addtoany.com","gender":"Female","university":"Morrison College"},
{"id":148,"first_name":"Matt","last_name":"Stiger","email":"mstiger43@prnewswire.com","gender":"Male","university":"Nanhua University"},
{"id":149,"first_name":"Josiah","last_name":"Ference","email":"jference44@51.la","gender":"Male","university":"Islamic Azad University, Tehran South"},
{"id":150,"first_name":"Mayne","last_name":"Dunge","email":"mdunge45@opera.com","gender":"Male","university":"Keele University"},
{"id":151,"first_name":"Sherwood","last_name":"Horbath","email":"shorbath46@blog.com","gender":"Male","university":"Czech University of Agriculture Prague"},
{"id":152,"first_name":"Dodie","last_name":"Pavolini","email":"dpavolini47@eventbrite.com","gender":"Female","university":"Azusa Pacific University"},
{"id":153,"first_name":"Catha","last_name":"Clive","email":"cclive48@163.com","gender":"Female","university":"Hong Kong Institute of Education"},
{"id":154,"first_name":"Montgomery","last_name":"Hoxey","email":"mhoxey49@globo.com","gender":"Male","university":"Northwood University, Texas Campus"},
{"id":155,"first_name":"Karee","last_name":"Lunnon","email":"klunnon4a@sogou.com","gender":"Agender","university":"Örebro University"},
{"id":156,"first_name":"Ursola","last_name":"Rottgers","email":"urottgers4b@wikia.com","gender":"Female","university":"Mid-Continent Baptist Bible College"},
{"id":157,"first_name":"Gayleen","last_name":"Carnow","email":"gcarnow4c@sitemeter.com","gender":"Female","university":"Technische Fachhochschule Wildau"},
{"id":158,"first_name":"Clem","last_name":"Dammarell","email":"cdammarell4d@telegraph.co.uk","gender":"Female","university":"Manuel S. Enverga University Foundation"},
{"id":159,"first_name":"Meghan","last_name":"Sextone","email":"msextone4e@bbc.co.uk","gender":"Agender","university":"University of Auckland"},
{"id":160,"first_name":"Royall","last_name":"Gilvary","email":"rgilvary4f@purevolume.com","gender":"Male","university":"Qurtuba University of Science and Infromation Technology"},
{"id":161,"first_name":"Lynette","last_name":"Tenwick","email":"ltenwick4g@xing.com","gender":"Female","university":"DeVry Institute of Technology, Kansas City"},
{"id":162,"first_name":"Magnum","last_name":"Craft","email":"mcraft4h@cocolog-nifty.com","gender":"Male","university":"Mazandaran University of Science & Technology"},
{"id":163,"first_name":"Giffer","last_name":"Trematick","email":"gtrematick4i@delicious.com","gender":"Male","university":"Brest State Technical University"},
{"id":164,"first_name":"Rinaldo","last_name":"Mingame","email":"rmingame4j@trellian.com","gender":"Male","university":"University of Aden"},
{"id":165,"first_name":"Ciro","last_name":"Touzey","email":"ctouzey4k@behance.net","gender":"Male","university":"Sabanci University"},
{"id":166,"first_name":"Bordy","last_name":"Bozier","email":"bbozier4l@gizmodo.com","gender":"Male","university":"Université Pierre Mendes-France (Grenoble II)"},
{"id":167,"first_name":"Coleman","last_name":"Tumilty","email":"ctumilty4m@latimes.com","gender":"Male","university":"Université de Toliary"},
{"id":168,"first_name":"Boot","last_name":"De Ath","email":"bdeath4n@marketwatch.com","gender":"Male","university":"Mississippi State University"},
{"id":169,"first_name":"Isabeau","last_name":"Merrick","email":"imerrick4o@weebly.com","gender":"Female","university":"American Military University"},
{"id":170,"first_name":"Veronica","last_name":"Line","email":"vline4p@typepad.com","gender":"Female","university":"Universidade Eduardo Mondlane"},
{"id":171,"first_name":"Marnia","last_name":"Woolston","email":"mwoolston4q@marriott.com","gender":"Genderfluid","university":"Kohinoor School of Hospitality Management"},
{"id":172,"first_name":"Hillyer","last_name":"Ivetts","email":"hivetts4r@wunderground.com","gender":"Male","university":"Université Moulay Ismail Meknès"},
{"id":173,"first_name":"Belicia","last_name":"Nicholson","email":"bnicholson4s@cnn.com","gender":"Female","university":"Kent State University - Stark"},
{"id":174,"first_name":"Roxanna","last_name":"Batram","email":"rbatram4t@upenn.edu","gender":"Female","university":"Université de Toliary"},
{"id":175,"first_name":"Merrie","last_name":"Bowditch","email":"mbowditch4u@npr.org","gender":"Female","university":"University of Central Missouri"},
{"id":176,"first_name":"Hyacinthia","last_name":"Shackel","email":"hshackel4v@posterous.com","gender":"Female","university":"Nagasaki University"},
{"id":177,"first_name":"Jacynth","last_name":"Di Napoli","email":"jdinapoli4w@sina.com.cn","gender":"Female","university":"Volgograd State Pedagogical University"},
{"id":178,"first_name":"Merissa","last_name":"Poston","email":"mposton4x@hatena.ne.jp","gender":"Female","university":"National Pingtung Teachers College"},
{"id":179,"first_name":"Glen","last_name":"Osorio","email":"gosorio4y@wp.com","gender":"Male","university":"Wofford College"},
{"id":180,"first_name":"Tibold","last_name":"Nerval","email":"tnerval4z@blogger.com","gender":"Male","university":"Tomsk State University"},
{"id":181,"first_name":"Joela","last_name":"Hartle","email":"jhartle50@shinystat.com","gender":"Female","university":"Kanagawa Dental College"},
{"id":182,"first_name":"Rafa","last_name":"Brazer","email":"rbrazer51@paypal.com","gender":"Female","university":"Dartmouth College"},
{"id":183,"first_name":"Kiah","last_name":"Favel","email":"kfavel52@house.gov","gender":"Female","university":"Montreat College"},
{"id":184,"first_name":"Alvis","last_name":"Semper","email":"asemper53@friendfeed.com","gender":"Male","university":"Technological University (Meikhtila)"},
{"id":185,"first_name":"Granger","last_name":"Pavitt","email":"gpavitt54@hc360.com","gender":"Male","university":"Ecole Nationale Supérieure Agronomique de Toulouse"},
{"id":186,"first_name":"Sam","last_name":"Dominetti","email":"sdominetti55@reuters.com","gender":"Agender","university":"Lake Forest College"},
{"id":187,"first_name":"Jack","last_name":"Libreros","email":"jlibreros56@cdbaby.com","gender":"Male","university":"Olivet College"},
{"id":188,"first_name":"Henrieta","last_name":"Goacher","email":"hgoacher57@networkadvertising.org","gender":"Female","university":"Ecole des Ingénieurs de la Ville de Paris"},
{"id":189,"first_name":"Sabina","last_name":"Puckett","email":"spuckett58@irs.gov","gender":"Female","university":"Lipscomb University"},
{"id":190,"first_name":"Eve","last_name":"Haggerty","email":"ehaggerty59@samsung.com","gender":"Female","university":"American University of Armenia"},
{"id":191,"first_name":"Terry","last_name":"Sutherden","email":"tsutherden5a@blogger.com","gender":"Male","university":"University of Ottawa"},
{"id":192,"first_name":"Catrina","last_name":"Grundle","email":"cgrundle5b@ning.com","gender":"Female","university":"Central America Health Sciences University (Belize Medical College)"},
{"id":193,"first_name":"Kev","last_name":"McTerry","email":"kmcterry5c@gravatar.com","gender":"Male","university":"Yazd University"},
{"id":194,"first_name":"Reyna","last_name":"Slainey","email":"rslainey5d@soup.io","gender":"Female","university":"Dubai Medical College for Girls"},
{"id":195,"first_name":"Major","last_name":"Bangle","email":"mbangle5e@blogs.com","gender":"Genderfluid","university":"L'Université de l'Entreprise"},
{"id":196,"first_name":"Lazare","last_name":"Bridson","email":"lbridson5f@washington.edu","gender":"Male","university":"Pennsylvania State University - Altoona"},
{"id":197,"first_name":"Paige","last_name":"Parsand","email":"pparsand5g@sbwire.com","gender":"Female","university":"Institut Teknologi Bandung"},
{"id":198,"first_name":"Carny","last_name":"Dri","email":"cdri5h@delicious.com","gender":"Agender","university":"Oakland City University"},
{"id":199,"first_name":"Kingsly","last_name":"Zaniolo","email":"kzaniolo5i@eventbrite.com","gender":"Male","university":"Nizhny Novgorod State Technical University"},
{"id":200,"first_name":"Lynnet","last_name":"Richin","email":"lrichin5j@ted.com","gender":"Female","university":"Moscow Technical University of Informatics and Communication"},
{"id":201,"first_name":"Abraham","last_name":"O'Cassidy","email":"aocassidy5k@1688.com","gender":"Non-binary","university":"Shepherd College"},
{"id":202,"first_name":"Teddy","last_name":"Astbury","email":"tastbury5l@sitemeter.com","gender":"Male","university":"Groupe Sup de Co Montpellier"},
{"id":203,"first_name":"Tobie","last_name":"Schurcke","email":"tschurcke5m@elpais.com","gender":"Male","university":"Texas College"},
{"id":204,"first_name":"Risa","last_name":"Balle","email":"rballe5n@elpais.com","gender":"Female","university":"Breyer State University (Virtual University)"},
{"id":205,"first_name":"Lynda","last_name":"Diegan","email":"ldiegan5o@bloomberg.com","gender":"Female","university":"Wilmington College"},
{"id":206,"first_name":"Izak","last_name":"Rain","email":"irain5p@theglobeandmail.com","gender":"Male","university":"Universidad Central del Este"},
{"id":207,"first_name":"Dori","last_name":"Ibbitson","email":"dibbitson5q@ow.ly","gender":"Female","university":"Queensland University of Technology"},
{"id":208,"first_name":"Whitman","last_name":"Sheran","email":"wsheran5r@artisteer.com","gender":"Male","university":"Lund University"},
{"id":209,"first_name":"Lorita","last_name":"Lideard","email":"llideard5s@tinyurl.com","gender":"Female","university":"Jacksonville University"},
{"id":210,"first_name":"Karia","last_name":"Snipe","email":"ksnipe5t@amazon.de","gender":"Female","university":"East Somalia University"},
{"id":211,"first_name":"Thain","last_name":"Antyshev","email":"tantyshev5u@cmu.edu","gender":"Male","university":"Halmstad University College"},
{"id":212,"first_name":"Weidar","last_name":"Gradwell","email":"wgradwell5v@yellowbook.com","gender":"Male","university":"Regent College"},
{"id":213,"first_name":"Lukas","last_name":"Gino","email":"lgino5w@psu.edu","gender":"Genderqueer","university":"Lund University"},
{"id":214,"first_name":"Margaret","last_name":"Craster","email":"mcraster5x@hc360.com","gender":"Female","university":"Universität Mozarteum Salzburg"},
{"id":215,"first_name":"Cherie","last_name":"Redolfi","email":"credolfi5y@typepad.com","gender":"Female","university":"University of Chester"},
{"id":216,"first_name":"Elyssa","last_name":"Boylan","email":"eboylan5z@fema.gov","gender":"Female","university":"Université de N'Djamena"},
{"id":217,"first_name":"Liuka","last_name":"Merkel","email":"lmerkel60@reuters.com","gender":"Female","university":"Al Imam Al-Ouzai University"},
{"id":218,"first_name":"Mateo","last_name":"Fullagar","email":"mfullagar61@virginia.edu","gender":"Male","university":"New Mexico Institute of Mining and Technology"},
{"id":219,"first_name":"Zorina","last_name":"Matelyunas","email":"zmatelyunas62@youtu.be","gender":"Female","university":"Universidad Carlos III de Madrid"},
{"id":220,"first_name":"Terri-jo","last_name":"Peatt","email":"tpeatt63@ehow.com","gender":"Female","university":"Universiti Sains Malaysia"},
{"id":221,"first_name":"Vinnie","last_name":"Pacher","email":"vpacher64@constantcontact.com","gender":"Male","university":"Chiba Institute of Technology"},
{"id":222,"first_name":"Mic","last_name":"Hourican","email":"mhourican65@hugedomains.com","gender":"Male","university":"Moravian College"},
{"id":223,"first_name":"Marve","last_name":"Benez","email":"mbenez66@so-net.ne.jp","gender":"Male","university":"Lewis-Clark State College"},
{"id":224,"first_name":"Daisie","last_name":"Hrachovec","email":"dhrachovec67@ucsd.edu","gender":"Female","university":"James Madison University"},
{"id":225,"first_name":"Raquel","last_name":"Boardman","email":"rboardman68@bravesites.com","gender":"Female","university":"Jeonju University"},
{"id":226,"first_name":"Levi","last_name":"Patullo","email":"lpatullo69@liveinternet.ru","gender":"Male","university":"Wilkes University"},
{"id":227,"first_name":"Tandie","last_name":"Comettoi","email":"tcomettoi6a@auda.org.au","gender":"Female","university":"Universidad Autónoma Metropolitana - Azcapotzalco"},
{"id":228,"first_name":"Walton","last_name":"Daniellot","email":"wdaniellot6b@irs.gov","gender":"Male","university":"Technical University of Cracow"},
{"id":229,"first_name":"Viole","last_name":"Cutteridge","email":"vcutteridge6c@shareasale.com","gender":"Female","university":"Universidad Empresarial Mateo Kuljis"},
{"id":230,"first_name":"Alexandros","last_name":"Lanphere","email":"alanphere6d@home.pl","gender":"Male","university":"Maine College of Art"},
{"id":231,"first_name":"Lexine","last_name":"Butterfill","email":"lbutterfill6e@youtube.com","gender":"Female","university":"Columbia Southern University"},
{"id":232,"first_name":"Leshia","last_name":"Riddlesden","email":"lriddlesden6f@boston.com","gender":"Female","university":"Boston College"},
{"id":233,"first_name":"Armstrong","last_name":"Eddowis","email":"aeddowis6g@yahoo.co.jp","gender":"Male","university":"Universidad Católica Boliviana, Tarija"},
{"id":234,"first_name":"Isidro","last_name":"Postill","email":"ipostill6h@pagesperso-orange.fr","gender":"Male","university":"University of Tennessee - Knoxville"},
{"id":235,"first_name":"Bettina","last_name":"Silcocks","email":"bsilcocks6i@webmd.com","gender":"Female","university":"Universidad Tecnológica Nacional"},
{"id":236,"first_name":"Alie","last_name":"Berndsen","email":"aberndsen6j@icq.com","gender":"Female","university":"Korea University"},
{"id":237,"first_name":"Gonzales","last_name":"Fleis","email":"gfleis6k@dedecms.com","gender":"Male","university":"University of Texas Medical Branch Galveston"},
{"id":238,"first_name":"Emyle","last_name":"Dugan","email":"edugan6l@wikipedia.org","gender":"Female","university":"University of Notre Dame Australia"},
{"id":239,"first_name":"Jaquenetta","last_name":"Pumfrett","email":"jpumfrett6m@who.int","gender":"Female","university":"Scott Christian University"},
{"id":240,"first_name":"Brade","last_name":"Croci","email":"bcroci6n@adobe.com","gender":"Male","university":"Lingnan University"},
{"id":241,"first_name":"Falkner","last_name":"Buist","email":"fbuist6o@google.es","gender":"Male","university":"Osaka University of Foreign Studies"},
{"id":242,"first_name":"Cristal","last_name":"Huckster","email":"chuckster6p@ow.ly","gender":"Female","university":"Al Nahrain University"},
{"id":243,"first_name":"Quinton","last_name":"Farry","email":"qfarry6q@google.ca","gender":"Male","university":"Université de Technologie de Troyes"},
{"id":244,"first_name":"Hilde","last_name":"Dyball","email":"hdyball6r@youku.com","gender":"Female","university":"Universidad Autónoma Gabriel René Moreno"},
{"id":245,"first_name":"Sharai","last_name":"Blackboro","email":"sblackboro6s@msu.edu","gender":"Female","university":"Universiti Teknologi Mara"},
{"id":246,"first_name":"Salvador","last_name":"Gibling","email":"sgibling6t@china.com.cn","gender":"Male","university":"Universitas Indonusa Esa Unggul"},
{"id":247,"first_name":"Holly","last_name":"Robottham","email":"hrobottham6u@rambler.ru","gender":"Male","university":"Ecole Nationale Supérieure du Pétrole et des Monteurs"},
{"id":248,"first_name":"Urbano","last_name":"Dargie","email":"udargie6v@opera.com","gender":"Male","university":"Universidad de Cienfuegos"},
{"id":249,"first_name":"Rip","last_name":"DellOrto","email":"rdellorto6w@zdnet.com","gender":"Male","university":"Mennonite College of Nursing"},
{"id":250,"first_name":"Odey","last_name":"Cufley","email":"ocufley6x@pagesperso-orange.fr","gender":"Male","university":"University of Guyana"},
{"id":251,"first_name":"Kial","last_name":"Cowern","email":"kcowern6y@issuu.com","gender":"Female","university":"University of Catania"},
{"id":252,"first_name":"Dominique","last_name":"Colquitt","email":"dcolquitt6z@exblog.jp","gender":"Female","university":"St. Petersburg College"},
{"id":253,"first_name":"Gordie","last_name":"Orum","email":"gorum70@google.ru","gender":"Male","university":"John Paul the Great Catholic University"},
{"id":254,"first_name":"Christie","last_name":"Ivshin","email":"civshin71@usda.gov","gender":"Female","university":"Ecole Nationale Supérieure des Arts et Industries Textiles"},
{"id":255,"first_name":"Hyacinth","last_name":"McCard","email":"hmccard72@cnn.com","gender":"Female","university":"Lampang Rajabhat University"},
{"id":256,"first_name":"Ashley","last_name":"Wager","email":"awager73@gravatar.com","gender":"Female","university":"Asahikawa Medical College"},
{"id":257,"first_name":"Jameson","last_name":"Kembry","email":"jkembry74@ft.com","gender":"Male","university":"Bradley University"},
{"id":258,"first_name":"Quintina","last_name":"Reddyhoff","email":"qreddyhoff75@infoseek.co.jp","gender":"Female","university":"Hiroshima University"},
{"id":259,"first_name":"Enrichetta","last_name":"Strelitz","email":"estrelitz76@cnet.com","gender":"Female","university":"Trinity University"},
{"id":260,"first_name":"Chaddy","last_name":"Beirne","email":"cbeirne77@clickbank.net","gender":"Male","university":"National Institute of Technology, Rourkela"},
{"id":261,"first_name":"Atlante","last_name":"Osant","email":"aosant78@msu.edu","gender":"Female","university":"Siena Heights University"},
{"id":262,"first_name":"Raleigh","last_name":"Bras","email":"rbras79@cnet.com","gender":"Male","university":"Universidad Domingo Savio"},
{"id":263,"first_name":"Lola","last_name":"Klyner","email":"lklyner7a@cargocollective.com","gender":"Female","university":"Université de Tunis El Manar"},
{"id":264,"first_name":"Goldia","last_name":"Aicken","email":"gaicken7b@soundcloud.com","gender":"Female","university":"Bashkir State Pedagogical University named After M. Akmullah"},
{"id":265,"first_name":"Vladamir","last_name":"Brook","email":"vbrook7c@tripod.com","gender":"Male","university":"University of Divinity"},
{"id":266,"first_name":"Zea","last_name":"Hatherleigh","email":"zhatherleigh7d@e-recht24.de","gender":"Female","university":"Pace University  Pleasantville/Briarcliff"},
{"id":267,"first_name":"Kristian","last_name":"Denisevich","email":"kdenisevich7e@epa.gov","gender":"Male","university":"Zhongnan University of Finance and Economics"},
{"id":268,"first_name":"Tobiah","last_name":"Casale","email":"tcasale7f@webs.com","gender":"Male","university":"Majan University College"},
{"id":269,"first_name":"Sarene","last_name":"Sedgeworth","email":"ssedgeworth7g@answers.com","gender":"Female","university":"Evangelische Fachhochschule Ludwigshafen Hochschule für Sozial- und Gesundheitswesen"},
{"id":270,"first_name":"Pedro","last_name":"Seville","email":"pseville7h@statcounter.com","gender":"Male","university":"Wisconsin School of Professional Psychology"},
{"id":271,"first_name":"Clio","last_name":"Dilawey","email":"cdilawey7i@state.gov","gender":"Polygender","university":"Seoul National University of Technology"},
{"id":272,"first_name":"Maribeth","last_name":"Witchell","email":"mwitchell7j@sphinn.com","gender":"Female","university":"Fasa Faculty of Medical Sciences"},
{"id":273,"first_name":"Kristin","last_name":"Romero","email":"kromero7k@technorati.com","gender":"Female","university":"Kyushu Institute of Design"},
{"id":274,"first_name":"Iggy","last_name":"Lunney","email":"ilunney7l@economist.com","gender":"Male","university":"University of the Italian-speaking Part of Switzerland"},
{"id":275,"first_name":"Jeffy","last_name":"de Castelain","email":"jdecastelain7m@state.gov","gender":"Male","university":"Institut Teknologi Bandung"},
{"id":276,"first_name":"Shermie","last_name":"Reis","email":"sreis7n@mapy.cz","gender":"Male","university":"Florida Gulf Coast University"},
{"id":277,"first_name":"Jade","last_name":"Blumsom","email":"jblumsom7o@bbc.co.uk","gender":"Female","university":"Carroll College Helena"},
{"id":278,"first_name":"Naomi","last_name":"Thorby","email":"nthorby7p@clickbank.net","gender":"Genderfluid","university":"Université de Kinshasa"},
{"id":279,"first_name":"Augustine","last_name":"Andrieu","email":"aandrieu7q@accuweather.com","gender":"Male","university":"Marycrest International University"},
{"id":280,"first_name":"Byran","last_name":"Jedrysik","email":"bjedrysik7r@cocolog-nifty.com","gender":"Male","university":"Södertörn University College"},
{"id":281,"first_name":"Damara","last_name":"Feilden","email":"dfeilden7s@amazon.co.uk","gender":"Female","university":"Godfrey Okoye University "},
{"id":282,"first_name":"Kristin","last_name":"Grelka","email":"kgrelka7t@newsvine.com","gender":"Female","university":"Universidad Autónoma de Baja California"},
{"id":283,"first_name":"Westbrooke","last_name":"Craw","email":"wcraw7u@soundcloud.com","gender":"Male","university":"Universidad Iberoamericana de Ciencias y Tecnologia"},
{"id":284,"first_name":"Ariel","last_name":"Flemmich","email":"aflemmich7v@friendfeed.com","gender":"Male","university":"Washington Bible College"},
{"id":285,"first_name":"Alon","last_name":"Gioani","email":"agioani7w@example.com","gender":"Male","university":"Amherst College"},
{"id":286,"first_name":"Edsel","last_name":"Ligoe","email":"eligoe7x@ed.gov","gender":"Male","university":"International Islamic University"},
{"id":287,"first_name":"Lisa","last_name":"Weatherill","email":"lweatherill7y@nba.com","gender":"Female","university":"Marij State Technical University"},
{"id":288,"first_name":"Tulley","last_name":"Bowsher","email":"tbowsher7z@indiatimes.com","gender":"Polygender","university":"Ohio State University"},
{"id":289,"first_name":"Edan","last_name":"Alan","email":"ealan80@dell.com","gender":"Male","university":"Georgia School of Professional Psychology"},
{"id":290,"first_name":"Sherry","last_name":"Powis","email":"spowis81@techcrunch.com","gender":"Female","university":"Westmont College"},
{"id":291,"first_name":"Russell","last_name":"Elmhurst","email":"relmhurst82@sakura.ne.jp","gender":"Male","university":"Universidad de Montevideo"},
{"id":292,"first_name":"Muffin","last_name":"Overy","email":"movery83@friendfeed.com","gender":"Female","university":"National Taichung Teachers College"},
{"id":293,"first_name":"Jaine","last_name":"Mickelwright","email":"jmickelwright84@prnewswire.com","gender":"Female","university":"European University, Athens Campus"},
{"id":294,"first_name":"Othilia","last_name":"ONeal","email":"ooneal85@ucoz.ru","gender":"Female","university":"Universidade Federal Fluminense"},
{"id":295,"first_name":"Raffaello","last_name":"Mains","email":"rmains86@psu.edu","gender":"Male","university":"Universidade Católica de Brasília"},
{"id":296,"first_name":"Galina","last_name":"Crake","email":"gcrake87@wiley.com","gender":"Female","university":"Zurich University of Applied Sciences Winterthur"},
{"id":297,"first_name":"Burnaby","last_name":"Bandiera","email":"bbandiera88@xing.com","gender":"Male","university":"Tay Nguyen University"},
{"id":298,"first_name":"Dal","last_name":"McVittie","email":"dmcvittie89@businessweek.com","gender":"Bigender","university":"Mount Ida College"},
{"id":299,"first_name":"Keelia","last_name":"Whybrow","email":"kwhybrow8a@naver.com","gender":"Female","university":"Universidad Autónoma del Caribe"},
{"id":300,"first_name":"Edlin","last_name":"McGauhy","email":"emcgauhy8b@sciencedirect.com","gender":"Male","university":"Georgia College & State University"},
{"id":301,"first_name":"Gerti","last_name":"Giscken","email":"ggiscken8c@patch.com","gender":"Female","university":"Ibaraki Christian College"},
{"id":302,"first_name":"Alfreda","last_name":"Gouth","email":"agouth8d@economist.com","gender":"Female","university":"Shanghai Institue of Foreign Trade"},
{"id":303,"first_name":"Tailor","last_name":"Rudledge","email":"trudledge8e@virginia.edu","gender":"Male","university":"Galatasaray University"},
{"id":304,"first_name":"Andi","last_name":"Lyfe","email":"alyfe8f@shutterfly.com","gender":"Female","university":"Instituto Superior de Ciências Educativas"},
{"id":305,"first_name":"Tim","last_name":"Francioli","email":"tfrancioli8g@europa.eu","gender":"Male","university":"University of Glamorgan"},
{"id":306,"first_name":"Bert","last_name":"Aubery","email":"baubery8h@qq.com","gender":"Female","university":"Earlham College"},
{"id":307,"first_name":"Rhetta","last_name":"Frankowski","email":"rfrankowski8i@nhs.uk","gender":"Female","university":"Université de Batna"},
{"id":308,"first_name":"Brade","last_name":"Buffin","email":"bbuffin8j@homestead.com","gender":"Male","university":"Odessa National Academy of Food Technologies"},
{"id":309,"first_name":"Olympia","last_name":"Croysdale","email":"ocroysdale8k@jalbum.net","gender":"Female","university":"Fachhochschule Bingen"},
{"id":310,"first_name":"Rolland","last_name":"Petras","email":"rpetras8l@stumbleupon.com","gender":"Male","university":"Rajendra Agricultural University"},
{"id":311,"first_name":"Jacklyn","last_name":"Beetham","email":"jbeetham8m@booking.com","gender":"Female","university":"Matsusaka University"},
{"id":312,"first_name":"Kirby","last_name":"Howel","email":"khowel8n@oracle.com","gender":"Female","university":"State University of New York at Oswego"},
{"id":313,"first_name":"Jemie","last_name":"Chill","email":"jchill8o@wunderground.com","gender":"Female","university":"Mountains of the Moon University"},
{"id":314,"first_name":"Vivien","last_name":"Longman","email":"vlongman8p@free.fr","gender":"Female","university":"King's University College"},
{"id":315,"first_name":"Hercule","last_name":"Haxbie","email":"hhaxbie8q@phpbb.com","gender":"Male","university":"Moorhead State University"},
{"id":316,"first_name":"Jessee","last_name":"Mudge","email":"jmudge8r@vimeo.com","gender":"Male","university":"Technische Fachhochschule Georg Agricola für Rohstoff, Energie und, Umwelt zu Bochum"},
{"id":317,"first_name":"Conn","last_name":"Diehn","email":"cdiehn8s@vkontakte.ru","gender":"Male","university":"Université de Technologie de Troyes"},
{"id":318,"first_name":"Mariejeanne","last_name":"Quimby","email":"mquimby8t@google.com.br","gender":"Female","university":"University of Education"},
{"id":319,"first_name":"Nels","last_name":"Rable","email":"nrable8u@mlb.com","gender":"Male","university":"Ibn Sina University"},
{"id":320,"first_name":"Emmey","last_name":"Lelliott","email":"elelliott8v@uol.com.br","gender":"Female","university":"Academy of Music \"Georghe Dima\" Cluj-Napoca"},
{"id":321,"first_name":"Aile","last_name":"Yong","email":"ayong8w@nbcnews.com","gender":"Female","university":"Al-Zaiem Al-Azhari University"},
{"id":322,"first_name":"Evered","last_name":"Zannutti","email":"ezannutti8x@va.gov","gender":"Male","university":"Université Victor Segalen (Bordeaux II)"},
{"id":323,"first_name":"Shalom","last_name":"Roseman","email":"sroseman8y@bloglovin.com","gender":"Male","university":"Andrzej Frycz Modrzewski Cracow College"},
{"id":324,"first_name":"Aldus","last_name":"Cathcart","email":"acathcart8z@illinois.edu","gender":"Male","university":"Al-Azhar University of Gaza"},
{"id":325,"first_name":"Karly","last_name":"Kimmitt","email":"kkimmitt90@paypal.com","gender":"Female","university":"Hubei University"},
{"id":326,"first_name":"Veda","last_name":"Paschek","email":"vpaschek91@acquirethisname.com","gender":"Female","university":"Posts & Telecommunications Institute of Technology"},
{"id":327,"first_name":"Hildegarde","last_name":"Rowler","email":"hrowler92@princeton.edu","gender":"Female","university":"Baghyatoolah Medical Sciences University"},
{"id":328,"first_name":"Ronni","last_name":"Fawdrie","email":"rfawdrie93@latimes.com","gender":"Female","university":"Universitas Sanata Dharma"},
{"id":329,"first_name":"Wallace","last_name":"Gumb","email":"wgumb94@japanpost.jp","gender":"Male","university":"Shanxi University"},
{"id":330,"first_name":"Taddeusz","last_name":"Bignall","email":"tbignall95@reuters.com","gender":"Male","university":"La Sierra University"},
{"id":331,"first_name":"L;urette","last_name":"Skim","email":"lskim96@shop-pro.jp","gender":"Female","university":"Akaki Tsereteli State University"},
{"id":332,"first_name":"Alonso","last_name":"Caldaro","email":"acaldaro97@utexas.edu","gender":"Genderfluid","university":"Universidad Isaac Newton"},
{"id":333,"first_name":"Jaime","last_name":"Cumesky","email":"jcumesky98@vistaprint.com","gender":"Male","university":"Andrassy Gyula German Speaking University Budapest"},
{"id":334,"first_name":"Kory","last_name":"Hauger","email":"khauger99@technorati.com","gender":"Male","university":"Universität Siegen"},
{"id":335,"first_name":"Xenos","last_name":"Marsden","email":"xmarsden9a@over-blog.com","gender":"Male","university":"Fachhochschule Pur"},
{"id":336,"first_name":"Sherye","last_name":"Heersema","email":"sheersema9b@bravesites.com","gender":"Female","university":"Oklahoma State University - Oklahoma City"},
{"id":337,"first_name":"Emalia","last_name":"Pollastrone","email":"epollastrone9c@mediafire.com","gender":"Female","university":"University of Western Australia"},
{"id":338,"first_name":"Latrina","last_name":"Chaplin","email":"lchaplin9d@altervista.org","gender":"Female","university":"University of Texas"},
{"id":339,"first_name":"Barton","last_name":"Whyler","email":"bwhyler9e@weather.com","gender":"Male","university":"National Medical University O.O. Bogomolets"},
{"id":340,"first_name":"Farlie","last_name":"Serjeantson","email":"fserjeantson9f@cbslocal.com","gender":"Male","university":"South Florida Bible College & Theological Seminary"},
{"id":341,"first_name":"Addison","last_name":"Woolrich","email":"awoolrich9g@github.com","gender":"Male","university":"Ludong University"},
{"id":342,"first_name":"Barr","last_name":"Friar","email":"bfriar9h@nhs.uk","gender":"Male","university":"Universidade Castelo Branco"},
{"id":343,"first_name":"Alexio","last_name":"McGooch","email":"amcgooch9i@berkeley.edu","gender":"Male","university":"Ibaraki Prefectural University of Health Sciences"},
{"id":344,"first_name":"Judd","last_name":"Tigwell","email":"jtigwell9j@feedburner.com","gender":"Male","university":"Selcuk University"},
{"id":345,"first_name":"Rolland","last_name":"Backman","email":"rbackman9k@cafepress.com","gender":"Male","university":"American University in the Emirates"},
{"id":346,"first_name":"Norman","last_name":"Lycett","email":"nlycett9l@businesswire.com","gender":"Male","university":"Technical University of Crete"},
{"id":347,"first_name":"Corrinne","last_name":"Buxcy","email":"cbuxcy9m@constantcontact.com","gender":"Female","university":"African University of Science and Technology"},
{"id":348,"first_name":"Ora","last_name":"Tibalt","email":"otibalt9n@barnesandnoble.com","gender":"Female","university":"Ecole Supérieure de Commerce de Clermont-Ferrand"},
{"id":349,"first_name":"Mischa","last_name":"De Biaggi","email":"mdebiaggi9o@google.ca","gender":"Male","university":"Paier College of Art"},
{"id":350,"first_name":"Cecile","last_name":"Mindenhall","email":"cmindenhall9p@fema.gov","gender":"Female","university":"Université de la Méditerranée (Aix Marseille II)"},
{"id":351,"first_name":"Bessy","last_name":"Flack","email":"bflack9q@google.nl","gender":"Female","university":"Universidade Camilo Castelo Branco"},
{"id":352,"first_name":"Perry","last_name":"Greguoli","email":"pgreguoli9r@simplemachines.org","gender":"Female","university":"National Pedagogical University M. Dragomanov "},
{"id":353,"first_name":"Norman","last_name":"Linham","email":"nlinham9s@apple.com","gender":"Male","university":"Fiji National University "},
{"id":354,"first_name":"Wilfrid","last_name":"Dummett","email":"wdummett9t@zdnet.com","gender":"Male","university":"Lewis-Clark State College"},
{"id":355,"first_name":"Wyatan","last_name":"Brumbie","email":"wbrumbie9u@blogs.com","gender":"Male","university":"University of Wisconsin - Madison"},
{"id":356,"first_name":"Lilly","last_name":"Tofanini","email":"ltofanini9v@nyu.edu","gender":"Female","university":"Huazhong Agricultural University"},
{"id":357,"first_name":"Nadeen","last_name":"Gainforth","email":"ngainforth9w@icq.com","gender":"Female","university":"Conestoga College"},
{"id":358,"first_name":"Gordie","last_name":"Hazzard","email":"ghazzard9x@sakura.ne.jp","gender":"Male","university":"Shreemati Nathibai Damodar Thackersey Women's University"},
{"id":359,"first_name":"Bryna","last_name":"Motton","email":"bmotton9y@taobao.com","gender":"Female","university":"Presbyterian University College"},
{"id":360,"first_name":"Sammy","last_name":"Jimson","email":"sjimson9z@state.tx.us","gender":"Female","university":"Yasar University"},
{"id":361,"first_name":"Flossi","last_name":"Geri","email":"fgeria0@homestead.com","gender":"Female","university":"Tai Solarin University of Education"},
{"id":362,"first_name":"Katie","last_name":"Brendeke","email":"kbrendekea1@virginia.edu","gender":"Female","university":"Schiller International University"},
{"id":363,"first_name":"Annabel","last_name":"Quarterman","email":"aquartermana2@sohu.com","gender":"Female","university":"Kyoto Seika University"},
{"id":364,"first_name":"Anica","last_name":"Fraine","email":"afrainea3@apple.com","gender":"Female","university":"Universitas Klabat"},
{"id":365,"first_name":"Patrice","last_name":"Dykas","email":"pdykasa4@amazonaws.com","gender":"Female","university":"Bard College"},
{"id":366,"first_name":"Beth","last_name":"Sunley","email":"bsunleya5@usnews.com","gender":"Female","university":"Lincoln University"},
{"id":367,"first_name":"Berrie","last_name":"Iredell","email":"biredella6@noaa.gov","gender":"Bigender","university":"Kunsthochschule Berlin-Weissensee, Hochschule für Gestaltung "},
{"id":368,"first_name":"Luciana","last_name":"Gemson","email":"lgemsona7@wikispaces.com","gender":"Agender","university":"Daemen College"},
{"id":369,"first_name":"Shelbi","last_name":"Braffington","email":"sbraffingtona8@intel.com","gender":"Female","university":"Payame Noor University"},
{"id":370,"first_name":"Nicki","last_name":"Vinall","email":"nvinalla9@indiegogo.com","gender":"Female","university":"Al-Bukhari International University"},
{"id":371,"first_name":"Kleon","last_name":"Handley","email":"khandleyaa@webeden.co.uk","gender":"Male","university":"Universidad de San Andres"},
{"id":372,"first_name":"Valli","last_name":"de Marco","email":"vdemarcoab@yellowpages.com","gender":"Female","university":"Estonian University of Life Sciences"},
{"id":373,"first_name":"Shep","last_name":"Jeanes","email":"sjeanesac@delicious.com","gender":"Male","university":"Narendra Deva University of Agriculture and Technology"},
{"id":374,"first_name":"Frankie","last_name":"Abrams","email":"fabramsad@liveinternet.ru","gender":"Male","university":"Government College University Lahore"},
{"id":375,"first_name":"Gan","last_name":"Celes","email":"gcelesae@home.pl","gender":"Male","university":"Gansu University of Technology"},
{"id":376,"first_name":"Cathrin","last_name":"Leeke","email":"cleekeaf@godaddy.com","gender":"Female","university":"Universidade Nova de Lisboa"},
{"id":377,"first_name":"Aldis","last_name":"Mapplethorpe","email":"amapplethorpeag@furl.net","gender":"Male","university":"Graduate School of Business Administration Zurich (GSBA Zurich)"},
{"id":378,"first_name":"Porter","last_name":"Sein","email":"pseinah@shop-pro.jp","gender":"Male","university":"Shandong University of Triaditional Chinese Medicine"},
{"id":379,"first_name":"Pip","last_name":"Jubb","email":"pjubbai@360.cn","gender":"Male","university":"Ho Chi Minh City University of Technology"},
{"id":380,"first_name":"Jemmie","last_name":"Tommasi","email":"jtommasiaj@google.cn","gender":"Female","university":"Mindanao State University - Iligan Institute of Technology"},
{"id":381,"first_name":"Conny","last_name":"Islep","email":"cislepak@amazon.co.uk","gender":"Female","university":"Bethany College Kansas"},
{"id":382,"first_name":"Athena","last_name":"Longstreeth","email":"alongstreethal@g.co","gender":"Female","university":"Universidad Nacional de Cuyo"},
{"id":383,"first_name":"Pauly","last_name":"Gritten","email":"pgrittenam@tamu.edu","gender":"Male","university":"Calumet College of St. Joseph"},
{"id":384,"first_name":"Marty","last_name":"Sarjent","email":"msarjentan@edublogs.org","gender":"Female","university":"University of Zadar"},
{"id":385,"first_name":"Flint","last_name":"Compston","email":"fcompstonao@ucla.edu","gender":"Male","university":"Antioch New England Graduate School"},
{"id":386,"first_name":"Gennie","last_name":"Hawke","email":"ghawkeap@simplemachines.org","gender":"Female","university":"Abia State University"},
{"id":387,"first_name":"Jackson","last_name":"Duckels","email":"jduckelsaq@baidu.com","gender":"Male","university":"Universidad de Cartago Florencio del Castillo"},
{"id":388,"first_name":"Janot","last_name":"Doogood","email":"jdoogoodar@virginia.edu","gender":"Female","university":"Pacifica Graduate Institute"},
{"id":389,"first_name":"Derek","last_name":"Broadnicke","email":"dbroadnickeas@woothemes.com","gender":"Male","university":"Universidad de Lambayeque"},
{"id":390,"first_name":"Bevin","last_name":"Tander","email":"btanderat@senate.gov","gender":"Male","university":"Institute of Business Administration (IBA)"},
{"id":391,"first_name":"Nariko","last_name":"Churcher","email":"nchurcherau@topsy.com","gender":"Polygender","university":"Surugadai University"},
{"id":392,"first_name":"Freddie","last_name":"Pandey","email":"fpandeyav@skyrock.com","gender":"Male","university":"Yanbu Technical Institute"},
{"id":393,"first_name":"Reinwald","last_name":"Nyssens","email":"rnyssensaw@mlb.com","gender":"Genderqueer","university":"Eastern Oregon University"},
{"id":394,"first_name":"Lisetta","last_name":"Kendall","email":"lkendallax@gmpg.org","gender":"Female","university":"Sakarya University"},
{"id":395,"first_name":"Thelma","last_name":"Gallety","email":"tgalletyay@examiner.com","gender":"Female","university":"Osmania University"},
{"id":396,"first_name":"Enid","last_name":"Danilovic","email":"edanilovicaz@sun.com","gender":"Female","university":"Huizhou University"},
{"id":397,"first_name":"Stormy","last_name":"Ginger","email":"sgingerb0@devhub.com","gender":"Female","university":"College of the Holy Cross"},
{"id":398,"first_name":"Padraig","last_name":"Hollyer","email":"phollyerb1@sogou.com","gender":"Male","university":"Kyungpook National University"},
{"id":399,"first_name":"Tally","last_name":"Wyatt","email":"twyattb2@eepurl.com","gender":"Male","university":"Gannon University"},
{"id":400,"first_name":"Kingston","last_name":"Titterington","email":"ktitteringtonb3@nationalgeographic.com","gender":"Polygender","university":"Nizam's Institute of Medical Sciences"},
{"id":401,"first_name":"Barbabas","last_name":"Szantho","email":"bszanthob4@china.com.cn","gender":"Male","university":"Universidade de Marília"},
{"id":402,"first_name":"Karisa","last_name":"McAllan","email":"kmcallanb5@digg.com","gender":"Female","university":"Mzumbe University (Chuo Kikuu Mzumbe)"},
{"id":403,"first_name":"Lucius","last_name":"Haste","email":"lhasteb6@sogou.com","gender":"Male","university":"Université d'Abomey-Calavi (UAC)"},
{"id":404,"first_name":"Aguste","last_name":"Keymar","email":"akeymarb7@google.fr","gender":"Male","university":"Brown University"},
{"id":405,"first_name":"Raphaela","last_name":"Deniskevich","email":"rdeniskevichb8@addtoany.com","gender":"Female","university":"Evangelische Fachhochschule Freiburg, Hochschule für Soziale Arbeit, Diakonie und Religionspädagogik"},
{"id":406,"first_name":"Daniel","last_name":"Hagley","email":"dhagleyb9@nps.gov","gender":"Male","university":"Université d'Antananarivo"},
{"id":407,"first_name":"Crin","last_name":"Levey","email":"cleveyba@miibeian.gov.cn","gender":"Female","university":"Pennsylvania State University at Harrisburg - The Capital College"},
{"id":408,"first_name":"Raimund","last_name":"Aikin","email":"raikinbb@wiley.com","gender":"Male","university":"Dr. D.Y. Patil University"},
{"id":409,"first_name":"Blondy","last_name":"Biner","email":"bbinerbc@lycos.com","gender":"Female","university":"College of Technology at Jeddah"},
{"id":410,"first_name":"Alexandros","last_name":"Padmore","email":"apadmorebd@friendfeed.com","gender":"Male","university":"Unitomo Surabaya"},
{"id":411,"first_name":"Vernon","last_name":"Thorogood","email":"vthorogoodbe@wired.com","gender":"Male","university":"Universidad Femenina del Sagrado Corazón"},
{"id":412,"first_name":"Krysta","last_name":"Stutter","email":"kstutterbf@skyrock.com","gender":"Female","university":"University of South Carolina - Spartanburg"},
{"id":413,"first_name":"Lindsay","last_name":"Gerritzen","email":"lgerritzenbg@eepurl.com","gender":"Male","university":"Inner Mongolia Normal University"},
{"id":414,"first_name":"Hailee","last_name":"Leith","email":"hleithbh@tinypic.com","gender":"Female","university":"Chung Shan Medical and Dental College"},
{"id":415,"first_name":"Kristos","last_name":"Manby","email":"kmanbybi@bing.com","gender":"Male","university":"Huntington College"},
{"id":416,"first_name":"Kahaleel","last_name":"Hiddersley","email":"khiddersleybj@blogspot.com","gender":"Agender","university":"University of Gastronomic Sciences"},
{"id":417,"first_name":"Olive","last_name":"Wharf","email":"owharfbk@ebay.com","gender":"Female","university":"Imam Reza University"},
{"id":418,"first_name":"Neddy","last_name":"MacDermand","email":"nmacdermandbl@slashdot.org","gender":"Male","university":"Sylhet Engineering College"},
{"id":419,"first_name":"Codee","last_name":"Brasher","email":"cbrasherbm@alexa.com","gender":"Female","university":"Heilongjiang Commercial University"},
{"id":420,"first_name":"Bil","last_name":"Barnet","email":"bbarnetbn@cdbaby.com","gender":"Male","university":"Engineering College of Aarhus"},
{"id":421,"first_name":"Vinni","last_name":"Botly","email":"vbotlybo@networkadvertising.org","gender":"Female","university":"Allahabad Agricultural Institute, Deemed University"},
{"id":422,"first_name":"Riki","last_name":"Batchelder","email":"rbatchelderbp@cnet.com","gender":"Female","university":"International Institute for Population Sciences"},
{"id":423,"first_name":"Ross","last_name":"Francecione","email":"rfrancecionebq@dot.gov","gender":"Male","university":"Universitas Kristen Duta Wacana"},
{"id":424,"first_name":"Kenneth","last_name":"Blakemore","email":"kblakemorebr@arizona.edu","gender":"Male","university":"Universidad Monsenor Oscar Arnulfo Romeo"},
{"id":425,"first_name":"Edeline","last_name":"Wigan","email":"ewiganbs@weibo.com","gender":"Female","university":"Ecole Nationale Supérieure de Chimie de Toulouse"},
{"id":426,"first_name":"Cookie","last_name":"Organer","email":"corganerbt@a8.net","gender":"Female","university":"Massachusetts Maritime Academy"},
{"id":427,"first_name":"Hakim","last_name":"Harnott","email":"hharnottbu@dagondesign.com","gender":"Male","university":"Sri Chandrasekharendra Saraswathi Viswa Mahavidyalaya"},
{"id":428,"first_name":"Malva","last_name":"Waliszewski","email":"mwaliszewskibv@ocn.ne.jp","gender":"Female","university":"Benha University"},
{"id":429,"first_name":"Chelsae","last_name":"Palmar","email":"cpalmarbw@dot.gov","gender":"Female","university":"Western Galilee College"},
{"id":430,"first_name":"Sigfried","last_name":"Collopy","email":"scollopybx@dropbox.com","gender":"Bigender","university":"Alfaisal University"},
{"id":431,"first_name":"Joela","last_name":"Jeal","email":"jjealby@nih.gov","gender":"Female","university":"Universidad Santa Paula"},
{"id":432,"first_name":"Robbi","last_name":"Milkeham","email":"rmilkehambz@barnesandnoble.com","gender":"Female","university":"Bratsk State Technical University"},
{"id":433,"first_name":"Marita","last_name":"Saunton","email":"msauntonc0@chicagotribune.com","gender":"Female","university":"Lincoln University Pennsylvania"},
{"id":434,"first_name":"Gamaliel","last_name":"Rosenberger","email":"grosenbergerc1@facebook.com","gender":"Male","university":"Universidad de Huánuco"},
{"id":435,"first_name":"Newton","last_name":"Holdey","email":"nholdeyc2@howstuffworks.com","gender":"Male","university":"Ecole Supérieure de Commerce de Toulouse"},
{"id":436,"first_name":"Gerrard","last_name":"Fleury","email":"gfleuryc3@ycombinator.com","gender":"Male","university":"Fuji University"},
{"id":437,"first_name":"Ardelle","last_name":"Petters","email":"apettersc4@prnewswire.com","gender":"Female","university":"Universidad Metropolitana de Ciencias de la Educación"},
{"id":438,"first_name":"Kippy","last_name":"Goodricke","email":"kgoodrickec5@themeforest.net","gender":"Male","university":"Moscow P. I. Tchaikovsky Conservatory"},
{"id":439,"first_name":"Adella","last_name":"Martini","email":"amartinic6@xrea.com","gender":"Female","university":"Medcenter One College of Nursing"},
{"id":440,"first_name":"Hailey","last_name":"Laurie","email":"hlauriec7@sina.com.cn","gender":"Male","university":"University of Colorado at Denver"},
{"id":441,"first_name":"Delphinia","last_name":"Coulthart","email":"dcoulthartc8@amazonaws.com","gender":"Female","university":"Mount Allison University"},
{"id":442,"first_name":"Harold","last_name":"Oldknow","email":"holdknowc9@facebook.com","gender":"Male","university":"Aktau State University"},
{"id":443,"first_name":"Del","last_name":"Wash","email":"dwashca@hostgator.com","gender":"Male","university":"Ecole des Hautes Etudes Commerciales MAROC"},
{"id":444,"first_name":"Correna","last_name":"Scranny","email":"cscrannycb@lycos.com","gender":"Female","university":"Donghua University, Shanghai"},
{"id":445,"first_name":"Lexine","last_name":"Matussov","email":"lmatussovcc@etsy.com","gender":"Female","university":"Universidad Nacional de La Plata"},
{"id":446,"first_name":"Shayne","last_name":"Kimberly","email":"skimberlycd@auda.org.au","gender":"Male","university":"Universidad de La Frontera"},
{"id":447,"first_name":"Ky","last_name":"Aldham","email":"kaldhamce@dedecms.com","gender":"Male","university":"University of Opole"},
{"id":448,"first_name":"Marlo","last_name":"Cure","email":"mcurecf@creativecommons.org","gender":"Male","university":"University of Kentucky"},
{"id":449,"first_name":"Ardisj","last_name":"Bromehed","email":"abromehedcg@noaa.gov","gender":"Female","university":"John Cabot University"},
{"id":450,"first_name":"Barthel","last_name":"Insall","email":"binsallch@bigcartel.com","gender":"Male","university":"College of Charleston"},
{"id":451,"first_name":"Christoforo","last_name":"Hovel","email":"chovelci@google.de","gender":"Genderqueer","university":"The Queen's University Belfast"},
{"id":452,"first_name":"Jon","last_name":"Daulton","email":"jdaultoncj@odnoklassniki.ru","gender":"Male","university":"Universidad Centro Occidental Lisandro Alvarado"},
{"id":453,"first_name":"Yuri","last_name":"Wyllis","email":"ywyllisck@berkeley.edu","gender":"Male","university":"Coker College"},
{"id":454,"first_name":"Tonya","last_name":"McWhannel","email":"tmcwhannelcl@storify.com","gender":"Female","university":"Nippon Institute of Technology"},
{"id":455,"first_name":"Celinka","last_name":"Kubyszek","email":"ckubyszekcm@wikia.com","gender":"Genderqueer","university":"Louisiana State University Health Sciences Center New Orleans"},
{"id":456,"first_name":"Costa","last_name":"Cranch","email":"ccranchcn@xrea.com","gender":"Male","university":"Dillard University"},
{"id":457,"first_name":"Amos","last_name":"Blease","email":"ableaseco@unicef.org","gender":"Agender","university":"National Institute of Education"},
{"id":458,"first_name":"Kermie","last_name":"Casillas","email":"kcasillascp@washingtonpost.com","gender":"Male","university":"Lampang Vocational College   "},
{"id":459,"first_name":"Wilmer","last_name":"Rose","email":"wrosecq@chicagotribune.com","gender":"Male","university":"DeSales University"},
{"id":460,"first_name":"Cyb","last_name":"Wile","email":"cwilecr@huffingtonpost.com","gender":"Polygender","university":"University of Sint Eustatius School of Medicine"},
{"id":461,"first_name":"Pollyanna","last_name":"Clee","email":"pcleecs@freewebs.com","gender":"Female","university":"Ecole Supérieure des Sciences Commerciales d'Angers"},
{"id":462,"first_name":"Masha","last_name":"Gelletly","email":"mgelletlyct@berkeley.edu","gender":"Female","university":"Escola Superior de Artes e Design"},
{"id":463,"first_name":"Ardelle","last_name":"Bruton","email":"abrutoncu@bloomberg.com","gender":"Female","university":"State Engineering University of Armenia"},
{"id":464,"first_name":"Nyssa","last_name":"Windsor","email":"nwindsorcv@storify.com","gender":"Female","university":"China Agriculture University East"},
{"id":465,"first_name":"Roseline","last_name":"Monketon","email":"rmonketoncw@biblegateway.com","gender":"Female","university":"University of Ghana"},
{"id":466,"first_name":"Winonah","last_name":"Mcmanaman","email":"wmcmanamancx@networkadvertising.org","gender":"Female","university":"Binary University College of Managemant & Entrepreneurship"},
{"id":467,"first_name":"Emmalee","last_name":"Annell","email":"eannellcy@diigo.com","gender":"Female","university":"National Academy of Fine Arts"},
{"id":468,"first_name":"Paco","last_name":"Valintine","email":"pvalintinecz@fotki.com","gender":"Male","university":"Chandra Shekhar Azad University of Agriculture and Technology"},
{"id":469,"first_name":"Nerti","last_name":"O'Nions","email":"nonionsd0@salon.com","gender":"Female","university":"Centro de Estudios Investigación y Tecnología (CEIT)"},
{"id":470,"first_name":"Cyrillus","last_name":"Hawyes","email":"chawyesd1@livejournal.com","gender":"Male","university":"Kanazawa Medical University"},
{"id":471,"first_name":"Aleksandr","last_name":"Linck","email":"alinckd2@newyorker.com","gender":"Male","university":"Academy of International Economic and Political Relations, Gdynia"},
{"id":472,"first_name":"Wiatt","last_name":"Shearstone","email":"wshearstoned3@timesonline.co.uk","gender":"Male","university":"Takhar University"},
{"id":473,"first_name":"Devonna","last_name":"Trow","email":"dtrowd4@auda.org.au","gender":"Female","university":"Al Ahlia University"},
{"id":474,"first_name":"Dollie","last_name":"Brough","email":"dbroughd5@cnet.com","gender":"Female","university":"Saskatchewan Indian Federated College"},
{"id":475,"first_name":"Maison","last_name":"Yeudall","email":"myeudalld6@myspace.com","gender":"Male","university":"Bu Ali Sina University"},
{"id":476,"first_name":"Mortimer","last_name":"Malinowski","email":"mmalinowskid7@meetup.com","gender":"Bigender","university":"Wingate University"},
{"id":477,"first_name":"Burnard","last_name":"Wurst","email":"bwurstd8@so-net.ne.jp","gender":"Male","university":"Chongqing Normal University"},
{"id":478,"first_name":"Bradney","last_name":"Joist","email":"bjoistd9@gov.uk","gender":"Male","university":"Islamic Azad University, Qom"},
{"id":479,"first_name":"Aubrey","last_name":"Olufsen","email":"aolufsenda@issuu.com","gender":"Female","university":"Kyoto University of Education"},
{"id":480,"first_name":"Tobias","last_name":"Purrier","email":"tpurrierdb@live.com","gender":"Male","university":"Université Abdelmalek Essadi"},
{"id":481,"first_name":"Brandyn","last_name":"Parsonson","email":"bparsonsondc@gov.uk","gender":"Male","university":"Universidad Privada del Norte"},
{"id":482,"first_name":"Kellia","last_name":"Lightwood","email":"klightwooddd@topsy.com","gender":"Female","university":"Kurdistan University of Medical Sciences"},
{"id":483,"first_name":"Egbert","last_name":"Cotesford","email":"ecotesfordde@imgur.com","gender":"Male","university":"University of Dublin, Trinity College"},
{"id":484,"first_name":"Kimbra","last_name":"Cofax","email":"kcofaxdf@kickstarter.com","gender":"Female","university":"Ecole Nationale Supérieure des Telecommunications de Paris"},
{"id":485,"first_name":"Harwell","last_name":"Ellesworth","email":"hellesworthdg@webs.com","gender":"Male","university":"University of Juba"},
{"id":486,"first_name":"Minnnie","last_name":"Havoc","email":"mhavocdh@earthlink.net","gender":"Female","university":"Long Island University"},
{"id":487,"first_name":"Wendie","last_name":"Wims","email":"wwimsdi@arstechnica.com","gender":"Polygender","university":"Karel De Grote Hogeschool"},
{"id":488,"first_name":"Ricardo","last_name":"Campbell-Dunlop","email":"rcampbelldunlopdj@fema.gov","gender":"Male","university":"Örebro University"},
{"id":489,"first_name":"Spenser","last_name":"Murrow","email":"smurrowdk@umich.edu","gender":"Male","university":"Westfälische Wilhelms-Universität Münster"},
{"id":490,"first_name":"Aurilia","last_name":"Howles","email":"ahowlesdl@vistaprint.com","gender":"Female","university":"Kun Shan University"},
{"id":491,"first_name":"Ardella","last_name":"Artharg","email":"aarthargdm@nydailynews.com","gender":"Female","university":"Moi University"},
{"id":492,"first_name":"Fonsie","last_name":"Bauldry","email":"fbauldrydn@prnewswire.com","gender":"Male","university":"Bard College"},
{"id":493,"first_name":"Amil","last_name":"Doughty","email":"adoughtydo@photobucket.com","gender":"Female","university":"Universidad Santa Paula"},
{"id":494,"first_name":"Kurt","last_name":"Martin","email":"kmartindp@hc360.com","gender":"Male","university":"Växjö University"},
{"id":495,"first_name":"Florette","last_name":"Powelee","email":"fpoweleedq@nyu.edu","gender":"Genderfluid","university":"Al Ahlia University"},
{"id":496,"first_name":"Bobine","last_name":"Fiddian","email":"bfiddiandr@ucla.edu","gender":"Female","university":"Irbid National University"},
{"id":497,"first_name":"Murial","last_name":"Bunt","email":"mbuntds@nba.com","gender":"Female","university":"Divine Word College of Legazpi"},
{"id":498,"first_name":"Daniella","last_name":"Gabrieli","email":"dgabrielidt@msu.edu","gender":"Female","university":"Universiteit Doesburg (UNDO)"},
{"id":499,"first_name":"Ignaz","last_name":"Shoubridge","email":"ishoubridgedu@fotki.com","gender":"Male","university":"Davis and Elkins College"},
{"id":500,"first_name":"Sonia","last_name":"Courtes","email":"scourtesdv@independent.co.uk","gender":"Agender","university":"John F. Kennedy University"}]